track_id,observations,duration_s,displacement_m,path_length_m,straightness,average_speed_mps,median_speed_mps,max_speed_mps,mean_conf,start_lat,start_lon,end_lat,end_lon,is_moving,verdict
1,5,0.164,0.7302670905688436,0.7303103901969286,0.9999407106503397,4.452848113224656,5.198240239370039,5.520767984698632,0.4069802463054657,48.26715534189032,25.91403065741312,48.26715955777328,25.91401866938343,False,too_short
2,77,2.9029999999999996,55.76122934981706,55.7634792081853,0.9999596535510303,19.20813963135276,20.195785851312177,20.4668186308095,0.5556219107918925,48.26711240145314,25.913982516024667,48.266876557208,25.914689412899804,True,moving
3,3,0.7000000000000002,0.0,0.0,0.0,0.0,16.52456796514432,16.603665780614644,0.4780705173810323,48.267000007416655,25.914324538380814,48.266948686378406,25.91447282679948,False,too_short
4,34,1.168000000000001,15.43444987939729,15.443911846947666,0.9993873334914013,13.214426266607257,18.567598622057794,32.37777148896061,0.5254547105116003,48.26760842006448,25.91240262635064,48.26753496029609,25.912629172119072,True,moving
5,81,4.003,32.484498221557324,89.43308684176829,0.363226847788798,8.115038276681819,6.849224472055504,10.686984008417534,0.6492877885883237,48.26754520431275,25.91260002242463,48.267674071833,25.91220192010396,False,wandering
6,83,2.8339999999999996,30.284523516066823,30.310014497691302,0.9991589914407194,10.686140972500645,12.251030036886776,19.74114858754026,0.7103891322411686,48.26769704227695,25.912140217630096,48.267561417130985,25.91254217895476,True,moving
7,34,1.1030000000000015,14.4968118075307,14.507299236673441,0.9992770929328989,13.143075074823825,17.576731480990283,31.48751716243092,0.6741629733758814,48.26752968805313,25.912644068631995,48.26746890453238,25.91282810595505,False,stationary
8,16,1.471,1.1854918921378974,1.6915717818988432,0.7008226933220327,0.8059088321807596,4.288785926864401,9.595935389413388,0.328439436852932,48.26814850693167,25.912098482541666,48.26814732035451,25.91207771530945,False,stationary
12,315,14.245000000000001,144.45111499681684,169.8774586774879,0.8503253823160674,10.140478413254955,9.309401261041614,11.609913823545885,0.6653802551920451,48.26808633787694,25.911016316697108,48.26769588396804,25.909157423807866,True,moving
13,5,0.13200000000000145,1.2507823999933323,1.2507841940992577,0.9999985656151286,9.475624242373625,25.72027359825753,26.02786161335791,0.5734811842441558,48.26810235725456,25.91079392487439,48.268093322386825,25.91082535980078,False,too_short
14,143,6.739999999999998,1.0142142436689767,15.788557219328162,0.06423729727675102,0.15047689075207374,1.0675141229325236,19.22515821618495,0.464361672634845,48.26814328329161,25.91077741341693,48.26813282851485,25.910763293717743,False,stationary
15,21,0.6640000000000015,10.586311299253415,10.589558455033673,0.9996933624953254,15.943239908514144,25.76730122454709,35.115050665040734,0.6654573409330278,48.268085610338574,25.91085096063026,48.26804097135253,25.91099225099039,False,stationary
16,88,4.436,21.649395343529633,24.77695577808086,0.8737714002251217,4.880386686999467,3.1101873658250545,9.406222165811252,0.4842162464152683,48.26814960824845,25.91077242769996,48.26815883305987,25.909997419865917,False,too_slow
17,91,5.34,11.635542108497788,23.208214385462696,0.5013544736895454,2.17894046975614,0.6914274990703807,10.893115683407965,0.43593554706363885,48.26819701730426,25.910624809904974,48.268262853123,25.91045179725512,False,stationary
18,57,2.600999999999999,15.503077677501707,27.41997675676725,0.5653935382594935,5.960429710688856,5.430115219933268,22.331747426449585,0.5495026932473768,48.2683668968696,25.91068727002285,48.26823071988912,25.910613317084177,True,moving
19,40,1.468,18.972584751011958,19.278611113738144,0.9841261198267489,12.92410405382286,9.193951777196627,12.811850857744002,0.7544074125587941,48.268039510776205,25.910996036074717,48.267966543077776,25.91122695365265,True,moving
20,73,5.7059999999999995,3.3448885422997114,37.603334393034274,0.0889519133420074,0.5862054928671069,0.8847039209766455,12.932941445007122,0.45538380578772664,48.26822173636007,25.910538962012257,48.2682629124336,25.910473626307915,False,stationary
21,4,0.13299999999999912,1.9177302099589901,1.9177302099589901,1.0,14.419024135030096,32.58956422294044,35.148181625899035,0.3058459162712097,48.26835028842031,25.9106309401796,48.26836108302405,25.910594335753505,False,too_short
22,69,3.5700000000000003,0.5139281690239861,40.51573306741656,0.012684656801564718,0.14395747031484202,4.734928847431235,6.767329070877925,0.49522577982017957,48.26822699768291,25.910521457365515,48.268223632715134,25.910518030296963,False,stationary
23,5,0.13400000000000034,0.4403688306384332,0.4447002716440684,0.9902598642685291,3.2863345570032245,27.149635623977236,28.50684876759814,0.8067181825637817,48.26801472403812,25.91107145616455,48.268020596941405,25.91105673682795,False,too_short
25,8,0.2989999999999995,2.095872783940965,2.105056766984912,0.9956371803421239,7.009607973046718,19.221326420091113,20.700638047684585,0.5088295303285122,48.26832855656565,25.910128078311644,48.26829550901321,25.9101347825303,False,too_short
26,7,0.2699999999999996,3.2759367952457543,3.279035723481283,0.999054926967298,12.13309924165096,34.14853046016362,35.1619357405518,0.5644733309745789,48.26827145441239,25.910076319335367,48.2682743940371,25.9099772608726,False,too_short
27,6,0.3009999999999984,1.7651869895258052,1.7682705090512667,0.9982561946774106,5.8644086030757965,7.671640875156668,8.323826780042946,0.40924834211667377,48.26822003644176,25.910537839780712,48.26820162492327,25.91054338953299,False,too_short
29,22,1.3679999999999986,12.475978132466917,13.572084908035004,0.9192381433659345,9.11986705589688,8.16464762255272,10.884841745751906,0.4447010674259879,48.268209088777375,25.910005096207005,48.268105864315295,25.9098244420729,False,stationary
30,5,0.2660000000000018,0.5739915480570174,0.5840917182668445,0.9827079037521761,2.1578629626203516,5.555624065473127,6.104145551005887,0.432429838180542,48.26798246107326,25.909300848813583,48.267975714415854,25.90929377347028,False,too_short
31,79,4.572000000000003,4.326020589464766,7.420754241411967,0.5829623847833616,0.9461987291042789,0.5707543924868771,9.263871110134504,0.5341592717774307,48.26800086018267,25.90923994803661,48.26799441980631,25.90936710057661,False,stationary
33,20,2.433,3.1403412647878275,14.080750269804351,0.22302371710420668,1.2907280167644175,1.5286428197255386,3.9807822531277393,0.39919101148843766,48.26796500064758,25.90935488254491,48.26798910292622,25.909385582775748,False,stationary
34,8,0.2339999999999982,1.7963729222582732,1.7976076097060727,0.9993131496322485,7.676807360078149,17.807388620107595,18.938642600013825,0.4561404325067997,48.26796734115988,25.90936400136645,48.267981558142736,25.90938672387875,False,too_short
35,63,2.5050000000000026,31.771067507164382,31.78110953497919,0.9996840252602334,12.683060881103533,10.106709740299054,32.72343287093396,0.701670647613586,48.26750868072033,25.90887830567437,48.26769354912248,25.909218030944697,True,moving
37,79,2.636000000000003,37.15715259042114,37.16312441185528,0.9998393078749797,14.096036642800115,15.465490270665754,17.6061133170472,0.6750161549713039,48.26739470116856,25.908671379234253,48.26761016997609,25.90907255668864,True,moving
39,259,9.242,120.5237411755181,120.70713284082092,0.9984806890778802,13.040872232797888,7.89864381716069,12.928732461185051,0.7610597700225801,48.26759178638208,25.90902475726985,48.26690882786953,25.90775066885635,True,moving
40,4,0.8329999999999984,2.150820931713938,2.150820931713938,1.0,2.5820179252268214,37.26306220850691,38.20228512045303,0.34856870770454407,48.26802318325944,25.908147617446048,48.26789006689621,25.90782052464447,False,too_short
42,64,2.1999999999999993,27.40272016267471,37.275496740805345,0.7351403082088791,12.455781892124874,18.933551809216908,40.40927843953635,0.6435479433275759,48.267157229069504,25.90825090319482,48.26729343887583,25.90794446358357,True,moving
43,31,1.0010000000000012,27.392264280329893,34.029565204776894,0.804954871315391,27.364899380948913,31.045916835079712,35.51136816422673,0.7682720230471703,48.267036513653785,25.90841586112723,48.26728182311402,25.90837656452479,True,moving
44,84,3.535999999999998,54.184150388970615,61.8958627533548,0.8754082741343451,15.323571942582197,4.1660684835088215,22.77818208888712,0.6789920014284906,48.26702648559513,25.908668237248325,48.26727418090079,25.90803816038223,True,moving
45,47,1.5690000000000026,21.49491849855663,24.701130269440505,0.8701997950737297,13.699756850577815,12.827342783383564,35.172694601537266,0.7298502985467302,48.26726202628696,25.908443497239976,48.2673845551362,25.90867688680737,True,moving
46,49,2.503,24.675915406774077,29.08246602030863,0.8484808471724026,9.858535919606103,3.093634142426365,18.611821152060013,0.4753341261221438,48.26694792928881,25.90795706090977,48.26717152746543,25.907967426848916,True,moving
47,78,2.5690000000000026,2.3915278808912115,8.416308000693233,0.28415403531978944,0.9309178205103966,0.8890289614777408,34.48082096263812,0.753728340451534,48.267054131434506,25.90844352618205,48.26706245970167,25.908464390173563,False,stationary
48,83,4.170999999999999,36.02110479285105,59.75518052159302,0.6028114128085436,8.636083623316004,5.524601587554841,32.57865365954519,0.5339891440178974,48.2672673268656,25.90803095340547,48.26694507898773,25.907977452251487,True,moving
49,22,0.9350000000000023,45.04219785503229,46.81510286023086,0.9621296355902138,48.17347364174565,30.00988487888725,35.17928386046992,0.6911323409188878,48.26717579559208,25.90821973886676,48.266886829785705,25.90778295793845,True,moving
51,33,1.1679999999999993,13.004118865094455,19.77797469748973,0.6575050814856676,11.133663411895945,8.50516411571241,13.773012305518264,0.7906203432516619,48.26708461506214,25.90805968134041,48.26712896695911,25.90822837257558,False,stationary
52,92,3.536999999999999,10.559840559300447,18.710476567698766,0.5643811648031807,2.9855359229008904,2.231953511393053,34.23725915140164,0.48947970633921417,48.26715624571142,25.90722612686997,48.26714120843505,25.907364959866225,False,stationary
53,125,4.371000000000002,4.42889437461645,12.052062561253786,0.36748020117775665,1.0132451097269386,0.9870614925766692,35.129500231756865,0.5543725514411926,48.26717413787105,25.906937892033856,48.26717903055761,25.90699033009649,False,stationary
54,7,1.0329999999999941,7.882696195724562,7.892749559350606,0.9987262533100225,7.630877246587228,32.934190458971074,33.22342436807817,0.41968367780957905,48.26735747813147,25.907354343394235,48.26707499040352,25.907170638643382,False,stationary
55,61,3.003999999999998,3.0249213165444955,20.093476445327347,0.1505424571390148,1.0069644861998994,1.441871392876205,19.395760232346063,0.40446556298459163,48.26708000002792,25.907164711300343,48.26709099082922,25.907205594305733,False,stationary
56,26,1.4340000000000046,24.032465330621964,29.182770181208106,0.8235155600854295,16.75904137421331,11.239016417162203,22.046864711341133,0.43020808696746826,48.26683094655122,25.90767407615474,48.26697505638395,25.907925032184487,True,moving
57,24,1.3340000000000032,0.6319430471146438,2.189727525814291,0.28859437517443814,0.47372042512342,4.74408369225669,9.1543211065316,0.3346810055275758,48.2668063392488,25.90751075302501,48.26680005873701,25.90750239061014,False,stationary
58,54,2.237000000000002,6.55049652264688,11.100756823713963,0.5900945878440828,2.9282505689078566,1.6567459763473296,35.84414252339353,0.5132310655381944,48.26710604903347,25.90728071957784,48.26713608819845,25.907146096760943,False,stationary
60,77,3.436,20.423365971947444,27.222858918758813,0.7502285499438873,5.943936545968406,4.418866106193367,35.14580423564209,0.5287159727765368,48.26650986523292,25.90710112341064,48.266621487225855,25.90731135292492,True,moving
61,3,0.06700000000000017,0.0,0.0,0.0,0.0,34.97004165379641,35.147088782743936,0.43825515111287433,48.26656275501991,25.907202408091337,48.266553676292105,25.907186319642783,False,too_short
62,6,0.19899999999999807,3.069361443587114,3.06978559172254,0.9998618313485576,15.423926852196702,31.83054785286389,35.130555313911096,0.3469675729672114,48.26680817165924,25.90751706790577,48.26678323304103,25.90747816384026,False,too_short
63,4,2.602000000000004,0.5440102659307919,0.5440102659307919,1.0,0.20907389159523102,0.31333519861101183,0.6919419968648257,0.3487550914287567,48.26659588683901,25.906160700501143,48.26660140426071,25.906177674435547,False,too_short
64,9,1.2020000000000053,0.7625039033135966,1.0448706979425904,0.7297591030306525,0.6343626483474154,0.649951645401419,4.5078376310850485,0.4080829819043477,48.26581243405924,25.9074855104461,48.26581334497344,25.90747626833294,False,stationary
65,89,2.9350000000000023,31.090038186426984,31.095446045809368,0.9998260883804523,10.592857985153989,11.725017347433884,17.636262628343474,0.6812365105312862,48.26599896088099,25.90617156030888,48.266177480156536,25.90650454735312,True,moving
66,24,1.6680000000000064,18.079161819486462,18.093253275798954,0.9992211761976858,10.838826030867143,5.407222139522515,10.164951383468,0.38482903068264324,48.26610698758179,25.906381371971527,48.26621131602893,25.90657668478964,True,moving
68,7,0.3639999999999972,18.107375797487187,18.127777578091425,0.9988745569876754,49.74553790518496,41.185018629397874,44.90041566919881,0.3951500356197357,48.26572584882168,25.90598067719484,48.26591410918523,25.905542408515284,False,too_short
69,121,4.1030000000000015,1.8093019872100011,4.180147307815096,0.4328321118797361,0.4409705062661468,0.5003221040079245,20.3890828788548,0.6125983366788912,48.26572242231176,25.90597594401458,48.26573739942006,25.90599383535941,False,stationary
70,144,4.770000000000003,0.325650065294049,2.7308842962064244,0.11924711191404994,0.06827045394005216,0.6373557068612647,11.3152414385194,0.7572891432791948,48.26572896024331,25.905775126102533,48.26573176365008,25.905776581079195,False,stationary
72,3,0.06900000000000261,0.0,0.0,0.0,0.0,19.519014432368813,19.864832081297543,0.32116472721099854,48.26588470541285,25.90563232036958,48.26588754689895,25.905637733714425,False,too_short
73,14,0.7370000000000019,8.138537366664742,13.47319286686865,0.6040540981698458,11.042791542285919,9.251974039734591,15.032385847892373,0.3138760732752936,48.26569900498453,25.906035783187885,48.26562883346708,25.90592650140152,False,stationary
74,72,3.238999999999997,5.517961434613158,15.884268768784024,0.3473852976762222,1.7036003194236375,2.6848253825032042,35.21465255297434,0.4151426400575373,48.265723705637065,25.905965898068228,48.26569990948981,25.906038063402622,False,stationary
75,15,1.134999999999998,24.75158199740129,27.253130661724217,0.9082105943947115,21.8075612311906,8.451072084753575,13.59815386112561,0.3973776380221049,48.2657237567804,25.905970403013534,48.26575802006376,25.9056217578046,True,moving
76,73,2.4029999999999987,41.859252840197215,41.86411629061136,0.9998838277062774,17.419580873989695,18.70133562114097,19.635274087844053,0.7749755398867881,48.26551650770751,25.90531044956099,48.26576258345811,25.905753133548043,True,moving
77,42,1.9029999999999987,1.1449507619320056,6.5349933756585,0.17520304859018077,0.601655681519709,0.3727752605541575,7.62326732428558,0.5419671861898332,48.26553419253907,25.9055455594953,48.26554118208404,25.9055519556784,False,stationary
78,7,0.7010000000000005,55.85776387899214,56.32464196062365,0.9917109445283664,79.68297272324122,46.54934991601934,47.84952123746915,0.39744529128074646,48.26572596693549,25.90596868766028,48.2659046525436,25.90506805789133,False,implausible_speed
81,17,1.533999999999999,2.660053643515367,2.7607461860266183,0.9635270554675032,1.734063652878337,7.975998479245751,8.695953711639216,0.40259887190426097,48.265909378209805,25.905067794837123,48.26609045630475,25.90545871155663,False,stationary
82,5,0.6340000000000003,53.908162363308705,54.21084163269647,0.9944166284774075,85.02864726073923,51.711271491097015,53.9271735336507,0.3631681501865387,48.26542985004751,25.905837667058385,48.26592908699837,25.905019131963765,False,implausible_speed
83,8,0.30100000000000193,2.904931515897519,2.971866405588699,0.9774771538971918,9.65093526876246,25.78065076138344,27.859661511142875,0.451662790030241,48.26590630486163,25.905123940791647,48.265890918701125,25.90508459028599,False,too_short
84,96,4.670000000000002,2.032712939804758,3.9676981725746665,0.5123154159898501,0.43527043678902727,0.8829922799848859,9.34470916733138,0.5182763040065765,48.26508161797446,25.905218968863373,48.26509821508187,25.90520424279168,False,stationary
85,77,4.705000000000005,1.80932050550185,3.4298323213380235,0.5275244781634135,0.384552711052465,0.2112721949408484,9.149829668878978,0.40650422116378687,48.26504529023505,25.90526123316095,48.265059699931015,25.90524692730148,False,stationary
86,56,3.5700000000000003,1.8042628676000603,3.8947527424920874,0.4632547909692436,0.5053957612325098,0.26108182932257995,10.076310526061851,0.3756422352577959,48.265062150194304,25.905237330873447,48.26508005651502,25.90523394853894,False,stationary
87,38,3.905000000000001,22.111124691786113,32.066972013880864,0.6895295471681844,5.662259844247402,1.022562633014958,6.983600058341857,0.35189127137786463,48.26522317998135,25.904974759843988,48.26541123348584,25.90510238178901,True,moving
89,5,0.2010000000000005,1.4453985892599268,1.4824757955628782,0.9749896717275754,7.191037757512055,12.675027624534495,16.82877846507771,0.48421775102615355,48.26554678116449,25.90554381175155,48.26555081204576,25.90555984034085,False,too_short
91,5,0.6980000000000004,1.3106163552631014,1.3649223117774811,0.9602131520264627,1.8776738614084536,38.586793686135,38.86525265503945,0.43853756189346316,48.265405325359325,25.905094298037262,48.26521951539903,25.904963165896103,False,stationary
92,4,0.12999999999999545,0.2466699312209263,0.2466699312209263,1.0,1.897461009391807,7.506562674128361,7.715877104064132,0.3776913359761238,48.26505804186927,25.905241589728043,48.26506422683791,25.90525519505305,False,too_short
94,126,4.505000000000003,1.7067112738304555,3.916689596269191,0.4357535188533114,0.37884822948511754,0.7279965608851566,11.04225325164088,0.47009740296810393,48.2651202794105,25.903719411085337,48.26511378329984,25.903739747658108,False,stationary
95,103,4.7379999999999995,1.9563759559022733,4.0511076948188265,0.48292370958303205,0.4129117678139032,0.230835173547644,3.692398223513214,0.47818293096949754,48.2650925819294,25.90366706901057,48.26508173466888,25.90368606520769,False,stationary
97,7,0.23400000000000176,1.468516479342979,1.4697774029881805,0.9991420989037946,6.275711450183624,18.059569831473915,19.104777799625445,0.42967043178422104,48.26453820115303,25.90316960767641,48.26455096771213,25.903193383607466,False,too_short
98,114,4.036999999999999,1.9382628222518659,7.803990149952567,0.24836817897106736,0.48012455344361316,0.60690625740321,35.125538434198766,0.6736786773330287,48.264517522807445,25.903150259440565,48.26449579957555,25.903131115596928,False,stationary
99,116,5.006,2.8917994385572072,7.454500438909548,0.38792665749446553,0.577666687686218,0.5587905738911765,15.385847482949544,0.43916191700203666,48.264540344133344,25.90317749131987,48.26452778062136,25.903141025607955,False,stationary
103,40,2.168999999999997,30.062887545138377,30.0840317340417,0.9992971623919875,13.860252441280968,9.411104042925324,33.824418366615014,0.5022954054176807,48.26423843552016,25.902747925880966,48.26436210818429,25.90312428545625,True,moving
105,93,3.906000000000006,14.839693762820323,15.829228439187057,0.9374868661370109,3.79920475238615,5.007307063596813,35.15620733846502,0.6182800073136565,48.26386881032568,25.90226960873723,48.263691571395256,25.901586264836144,False,stationary
106,132,4.871000000000002,2.7650934683637485,6.908309849929879,0.40025614490812317,0.5676644361247685,0.4398411785106766,14.824946582919257,0.6273291447397434,48.26429501712983,25.90196183951581,48.26426879056471,25.901966769560712,False,stationary
107,12,0.7999999999999972,14.564178916077243,16.672072869384415,0.8735673740259389,18.205223645096616,7.0624340261021175,17.87586334933291,0.371885488430659,48.264430805444185,25.901990098892647,48.26429939219366,25.901968268092844,False,stationary
108,18,1.3349999999999937,1.585377570796335,8.114629887704874,0.1953727517749722,1.1875487421695448,0.7387803763524791,4.3897667357836685,0.4478161997265286,48.26443528628466,25.902006823558747,48.26442435561388,25.901998084871064,False,stationary
109,85,3.9369999999999976,1.173905452510795,12.67676213858414,0.09260294069396398,0.2981725812829047,0.941206660600168,2.5704262924585786,0.5114212278057547,48.26427137702081,25.902040294486252,48.264268146574125,25.902015850823616,False,stationary
110,66,2.2690000000000055,9.937686884323652,10.846444786761744,0.9162160578600608,4.379765043774186,4.877511820741708,19.20983528225472,0.5104142269401839,48.26422530590239,25.90170465970532,48.264299030035644,25.901788332388843,False,stationary
111,129,4.405000000000001,1.058112192794405,8.498526030237851,0.1245053776419146,0.2402070812246095,0.338213529559022,35.17701405980024,0.5344316395678261,48.26400648754867,25.901490443633246,48.26400752785322,25.90149308307972,False,stationary
112,103,3.6700000000000017,1.782639040282787,3.170730095698061,0.5622172138528635,0.4857327085239199,0.6110252257314375,12.389153278715906,0.5083255918280593,48.26424722526556,25.90140473948479,48.26423586903034,25.901426727768317,False,stationary
113,58,2.402000000000001,8.711823348530311,9.835565714748475,0.8857470532139187,3.6269039752415932,2.705058676435205,9.7854173764928,0.6863637489491495,48.26426894041911,25.902040198521203,48.26428799409572,25.90191490506455,False,stationary
114,118,5.338999999999999,23.182923744511527,32.583030742014856,0.7115029884134698,4.342184630925554,0.7600958617015161,6.237081246561039,0.5175882365743992,48.26425841054259,25.90142776779113,48.264282223066616,25.90111786473407,False,too_slow
115,135,5.337999999999994,14.032713425312696,24.274274572789782,0.5780899191542741,2.6288335379004706,1.9160932886018016,18.42271560747212,0.5869478887981838,48.26427830457484,25.90111948804396,48.26429639763349,25.90093516150773,False,stationary
116,84,4.070000000000007,0.6595497888044962,10.359048585772552,0.06366895408815275,0.16205154516080958,0.6187537098500325,35.14536587554653,0.4553516918704623,48.26418271478028,25.901127759536017,48.264190488480416,25.90111630600477,False,stationary
117,13,0.7000000000000028,6.299175439139262,6.953634214993657,0.9058824845225207,8.998822055913195,17.934234416237878,20.960698458271203,0.3831560405401083,48.26429590799614,25.900869449558243,48.26425663558856,25.901129075069832,False,stationary
118,6,0.5670000000000073,68.13479682626716,68.14108438552408,0.9999077273378665,120.16719016978182,21.34045561691041,21.994462575050488,0.4924625555674235,48.264283836836505,25.90092422027107,48.26431305575759,25.901858575425056,True,moving
119,5,0.4680000000000035,4.04517826006073,4.045905840327953,0.9998201687592502,8.64354329072799,26.65415605292848,35.128826046106845,0.43746033906936643,48.26430817791154,25.90183569772452,48.26425759941256,25.90140559963353,False,too_short
120,72,3.1340000000000003,1.1979415404195677,13.903542816572957,0.08616088404400259,0.38224044046572037,0.5281890130690976,23.467319351951115,0.43276306779848206,48.2642852842581,25.90086767069849,48.26428350168772,25.90088958011003,False,stationary
122,135,5.072000000000003,9.467561587809628,18.655229409004544,0.5075017508624047,1.8666328051675125,1.5296487433394088,35.14041459903948,0.5936059689080274,48.26354592161815,25.900833911268688,48.26362599049833,25.90085985503126,False,stationary
123,4,0.1670000000000016,0.7234561248035721,0.7234561248035721,1.0,4.332072603614163,31.502405553081694,35.14223157709137,0.29447326809167856,48.26358793079275,25.90088735082102,48.263575761289786,25.900819736256278,False,too_short
125,26,1.068000000000012,67.16352692832669,68.45561706533476,0.9811251407495912,62.88719749843252,40.37304438715971,44.26474530435452,0.6224543796135829,48.263594827691975,25.90088447236064,48.26386489841448,25.90005120230269,True,moving
126,54,2.003,78.05256535420362,81.09631560278328,0.9624674656800908,38.96783093070575,37.68325110719222,41.32493061433756,0.580397445846487,48.26359391131003,25.90089768029868,48.26395235981302,25.89992592946947,True,moving
127,33,1.2000000000000028,31.49410710301438,32.29847915702811,0.9750956678144796,26.24508925251192,32.63817403889438,35.1455067562168,0.6167086471210826,48.26375483745696,25.900318700449397,48.26403175045829,25.90004911654581,True,moving
128,228,8.030999999999992,13.308540917566113,30.9901985906997,0.42944355063152345,1.6571461732743278,1.6535357030268236,5.065961318672279,0.747970779083277,48.26381319572025,25.900287471135865,48.26387245599078,25.900131722384742,False,stationary
129,175,6.7960000000000065,12.886167865073707,33.99566067620517,0.3790533147100511,1.8961400625476301,2.4803300803821844,4.96328984394151,0.7239261586325509,48.26385635049803,25.90023043846469,48.26378007524684,25.90037319213489,False,stationary
130,240,8.131,6.243226570036618,15.76773191891892,0.3959495634591352,0.7678301033128296,1.2734904779564133,4.664151617868486,0.8231792387863001,48.26368861277925,25.90024802555104,48.26374437446332,25.900239615927937,False,stationary
131,19,0.6350000000000051,14.86203374301178,15.82251093745709,0.9392967906142164,23.40477754804986,30.04267277865166,36.34466812290083,0.51161737347904,48.26389565096189,25.90023629758548,48.26402115995353,25.900066843247966,False,stationary
132,225,8.263999999999996,15.989851407212065,38.19591702141771,0.41862724223235764,1.934880373573581,3.1905527035979806,5.906315855793596,0.7522203489144643,48.26371091086582,25.90022072190421,48.2638437285035,25.900302714548687,False,too_slow
133,147,6.2620000000000005,3.483122052052866,34.64279860416501,0.10054389923434476,0.5562315637261044,2.9895519417201166,24.403031672014038,0.4947233514315417,48.26400504376624,25.900224549520107,48.26399421584696,25.900161391388885,False,stationary
134,200,7.930999999999997,11.153865836049887,21.30073954741966,0.5236374920795203,1.4063631113415573,1.7156595597478712,7.389401692002842,0.5570295353233814,48.26396927847943,25.900194422798386,48.26405788843157,25.900262829299187,False,stationary
135,233,7.961999999999989,18.273325361650976,30.067293342706883,0.6077475998046014,2.2950672395944487,2.062358332697705,21.732861861482828,0.7790563726885636,48.26376452815301,25.90040335765129,48.26388957922711,25.900249225907203,False,too_slow
136,46,1.5339999999999918,37.686178305392914,38.60980528997423,0.9760779165384407,24.567260955275824,35.4981894430825,45.85018257530081,0.7203096313321072,48.26373790609607,25.90033545418427,48.26404189751288,25.900032012659334,False,implausible_speed
137,19,0.6659999999999968,16.991007064169075,19.129441888578167,0.8882123777126028,25.512022618872606,37.77966881472121,43.15448270175129,0.7830745577812195,48.26387416049829,25.900338347965597,48.26382223451856,25.90003853953085,True,moving
138,230,7.663000000000011,5.306814450545788,14.385851172798302,0.36889123812015073,0.6925243965216992,1.2988437812403397,21.53082087438301,0.7045677369055541,48.26396317238894,25.90016830130241,48.26400201980767,25.900213840604927,False,stationary
139,80,3.2020000000000124,6.016238914700565,14.203785122349203,0.42356589197017663,1.8789003481263402,2.2666620477595245,17.39093389395888,0.5651570416986942,48.263602752126346,25.90087557552007,48.26365481261431,25.90089837647642,False,stationary
140,189,7.663000000000011,7.354984837182225,22.457364418265648,0.32750881627053546,0.9598048854472419,1.6769943983046625,3.56229247813438,0.6797014157923441,48.263654488985445,25.900174639631807,48.263715596091295,25.900134992350893,False,stationary
141,183,7.230000000000004,21.43278887470867,44.770310947467124,0.47872771980202716,2.9644244639984314,2.0475734773336907,35.1278357184926,0.6785820385471719,48.26387478523016,25.900350192043348,48.26397532385488,25.90009621590459,False,too_slow
142,212,7.496000000000009,4.229524517779807,19.43276453654593,0.21764914147061357,0.5642375290528018,1.4972739557385837,3.247671376229881,0.6657287991552983,48.26393544052481,25.900123977426407,48.26394745217819,25.900178224303907,False,stationary
143,224,7.529000000000011,4.858647157299128,14.535500500161042,0.3342607402645198,0.6453243667550964,1.334476915882859,15.99218565206312,0.8040388074836561,48.26397097980503,25.90013670409725,48.26400932760016,25.900172813930947,False,stationary
144,220,7.631999999999991,8.594563144075265,23.34176796616865,0.36820532003111967,1.1261220052509533,1.628431921710408,34.54600478718915,0.5051912054419517,48.26387590132453,25.90035168442036,48.26395029487174,25.90032201596648,False,stationary
145,197,7.39800000000001,20.458963653918488,38.3310532289967,0.5337438429278973,2.765472243027637,3.2310000157715595,35.244695604003084,0.6766831829463165,48.2638083220417,25.90016298664088,48.26398939882001,25.90024429659592,False,too_slow
146,204,7.030000000000001,7.372079627755559,24.001821985495116,0.3071466671242994,1.0486599754986567,0.89581436399035,35.541923667974004,0.7046404117170502,48.2639602849608,25.90018710203237,48.264024392861,25.90013090846207,False,stationary
147,193,7.331000000000003,19.568719011732927,30.256935353686195,0.6467515226835052,2.6693110096484682,3.7764522148961808,35.23091669827047,0.6289883503024443,48.26393997377947,25.900078004007007,48.26405547395176,25.90027638958408,False,too_slow
148,70,2.5700000000000074,30.31727146387624,32.458228844519766,0.9340396116220924,11.796603682442083,17.47653964271513,27.538142756638496,0.6867576003074646,48.26376988611779,25.900417689755244,48.26390652396366,25.900049032501613,True,moving
149,6,0.3680000000000092,8.872132165284642,8.946736036885978,0.9916613308704139,24.109054796968532,44.24831628317005,46.09060279459357,0.5683444887399673,48.26369266208735,25.900049393810388,48.263709425714254,25.900311107607408,False,too_short
150,23,1.1020000000000039,72.66883556001815,74.506861811107,0.9753307788516353,65.94268199638648,36.60144594788631,40.93075666115061,0.516843530146972,48.26358703825374,25.90088016736448,48.26398835529356,25.90006633462039,True,moving
151,16,0.7340000000000089,6.2197191010589785,9.49399712655447,0.6551212327274232,8.473731745311857,18.78996630880895,36.88548469135039,0.4686042219400406,48.26405724888629,25.90144895690897,48.263979494548735,25.901427918920977,False,stationary
152,11,0.36700000000000443,8.346856261869663,8.91249333553564,0.9365343622294017,22.7434775527781,32.715467298984194,35.78496647085618,0.5977814387191426,48.26369930566801,25.90015403054111,48.2636931040096,25.900286698835075,False,too_short
153,114,5.328000000000003,8.451036073655304,36.56511419086816,0.2311229230556015,1.5861554192295984,6.226950749525862,35.332746762501465,0.7039749700772134,48.263811332547874,25.900324783044983,48.26390975496438,25.90038714036536,False,stationary
154,59,2.036999999999992,24.754137486567878,26.566174141901193,0.9317915840777652,12.152252079807548,19.63209746165506,35.22538864025518,0.6364097514394986,48.26389886881676,25.900346464588008,48.2639998436324,25.900033470132907,True,moving
155,200,6.6299999999999955,12.185613936372972,21.947128247298757,0.5552258955735028,1.8379508199657588,2.41313058772724,38.32167806637395,0.7483037412166595,48.263794059926205,25.90042454190297,48.26386497411573,25.900276240121165,False,stationary
156,4,0.2680000000000007,1.1044838905139989,1.1044838905139986,1.0000000000000002,4.121208546694015,34.962770423238496,35.02666752932259,0.6424739509820938,48.26359818841176,25.900802182889493,48.26364808089895,25.90088636962277,False,too_short
157,148,5.89500000000001,6.857762133962154,31.72173108209096,0.21618499054214035,1.163318428153035,1.7845056363867942,25.16143175044776,0.6278303952233212,48.26372519709616,25.900276220823656,48.26368696082506,25.90019761928416,False,stationary
158,4,0.132000000000005,0.7231007122985201,0.72310071229852,1.0000000000000002,5.478035699231006,28.33709111243578,28.5873344627193,0.639439232647419,48.263689059688026,25.9002111921325,48.26369843306312,25.90018011837038,False,too_short
159,161,5.862000000000009,15.396034229840426,32.46304700219519,0.47426337487048975,2.6264132087752308,3.5791559264527724,9.43955903109856,0.5803216738360268,48.26391644020876,25.900354784553205,48.26385368730096,25.900172939907183,False,too_slow
160,42,2.167999999999992,70.65560964924016,76.07099947946271,0.9288113753299039,32.590225852970676,20.171913867352224,20.991555453647106,0.6757278385616484,48.26357693158698,25.900998978310707,48.26389956049621,25.90008595623793,True,moving
161,148,5.227999999999994,3.3072947073592966,9.619246967258924,0.3438205421501653,0.6326118414994836,0.9248704746163936,22.147590303494287,0.5739876565498274,48.263929117188056,25.900342358664933,48.26389778995794,25.900379681168506,False,stationary
162,21,0.6670000000000016,9.820310645595592,10.329289284224414,0.9507247183592613,14.72310441618526,25.9238903110828,32.95983426873765,0.7492190656207857,48.26389504665786,25.900240735000303,48.26383994478501,25.900379768975085,False,stationary
163,143,5.295000000000002,7.219564732518039,10.119237088574367,0.7134495090217474,1.363468315867429,0.5415450385035036,4.110303206269824,0.7123049824804693,48.26381046448161,25.900422770187117,48.26382574161802,25.90033264398836,False,stationary
164,45,1.6680000000000064,12.546270769757294,19.300786508689164,0.6500393527543034,7.521745065801706,9.272238951938528,37.64759786155459,0.6218386299080318,48.26390563614551,25.90024369927641,48.26402355977636,25.90011903362851,False,stationary
165,139,4.727999999999994,4.547259729848076,16.438449130995128,0.2766234024640498,0.9617723624890189,0.7479026350638717,35.52700341659505,0.8361821457636442,48.26376217010471,25.90022670471549,48.263721652507805,25.9002647126816,False,stationary
166,12,1.0339999999999918,36.83363771224805,37.01104817461619,0.9952065539583983,35.622473609524505,34.037456023282076,36.494701218732025,0.7225744053721428,48.26356358760821,25.90031361921868,48.26401607738831,25.90008388253224,True,moving
167,106,3.492999999999995,1.2181327327909641,2.116929016325117,0.5754244584476345,0.3487353944434486,0.4090494959733538,5.684272040715771,0.8147030273136103,48.26397055458889,25.900154484153937,48.26396657958477,25.90013960566479,False,stationary
168,48,3.8930000000000007,17.348394043113647,36.08967707267539,0.48070239055280023,4.456304660445324,1.7049460774886243,6.155618672344196,0.39915283521016437,48.26381176246377,25.90045244573188,48.26394785510622,25.90032476988474,False,too_slow
170,122,6.128,5.581795083950767,25.332503370845345,0.22034123522015356,0.910867343986744,0.7613163752172913,8.238358673634187,0.4724745120181412,48.26432819297556,25.900917316719443,48.26433719714688,25.900988041336632,False,stationary
171,150,5.498000000000005,5.491386800866689,8.22053374978264,0.6680085464051392,0.9987971627622197,1.0460601819412374,12.98159532813357,0.49876048465569817,48.26433083197392,25.90098075028768,48.2643350755231,25.90090502993516,False,stationary
172,119,4.436999999999998,1.8770050980253568,4.423243938771793,0.4243503464894922,0.4230347302288388,0.6215450117044975,6.02885015760157,0.6748546134023106,48.26361378493709,25.900879678548915,48.26360524970003,25.900856248933085,False,stationary
173,102,3.4039999999999964,1.2411532466190052,3.777873911356456,0.32853220508181696,0.36461611240276337,0.5510155261796852,4.3748206935360185,0.6145912362079994,48.26365377316931,25.90089916711699,48.263641897555495,25.900898023482668,False,stationary
174,4,0.23399999999999466,3.0563208871187997,3.0563208871188,0.9999999999999999,13.061200372302862,39.290968938614675,40.3239179476117,0.29498807340860367,48.26381471877413,25.90053633054873,48.26379950406809,25.900410625609965,False,too_short
175,40,2.4340000000000117,4.017556296033091,6.722824416738476,0.5975994681684959,1.6505983139001938,0.2951974165134297,3.048424250476833,0.32813153341412543,48.26356480160713,25.900976702792743,48.26357022213937,25.90094232073124,False,stationary
176,160,5.338000000000008,5.12745996854525,15.369908300923129,0.3336038100004338,0.960558255628558,0.5660931370095756,37.01559911439247,0.656248982064426,48.26424036294493,25.901154397899525,48.2643276195535,25.90117693572725,False,stationary
179,4,0.1319999999999908,1.3319643559543506,1.3319643559543506,1.0,10.090639060260935,36.16720699359517,36.50083372679132,0.5255479738116264,48.2635678122585,25.90098031047232,48.26363944918191,25.90088493189174,False,too_short
180,95,3.605000000000004,1.1173758852821374,13.7953742930649,0.08099641673686633,0.30995170188131377,0.7894369035090766,6.640701955459321,0.5402664535924008,48.26423136529441,25.901156128393605,48.26423924704857,25.901182222700573,False,stationary
181,145,6.876000000000005,55.539801407258594,80.92973435335993,0.6862718857417424,8.077341682265642,6.947320208115459,17.95601851046861,0.528798776453939,48.26405834576703,25.901497097785928,48.26434221408716,25.90205582579596,True,moving
182,97,3.2020000000000124,16.597173602395948,17.354186725277476,0.9563786459794805,5.183377140036191,5.722606188944817,23.04390174489445,0.6750247503064343,48.26355160086892,25.901654764758653,48.263451658906334,25.90148051573288,True,moving
183,109,4.037999999999997,1.371016268599684,18.032635386051343,0.07602972273593446,0.3395285459632702,0.7381601037557021,18.14978692880793,0.5862026143511501,48.26429578879159,25.90145928086194,48.2642971341556,25.901473508252906,False,stationary
184,3,0.06699999999999307,0.0,0.0,0.0,0.0,35.155609402572644,35.21972638604037,0.3002212146917979,48.26444250092651,25.90178800753404,48.26444160083904,25.90181624553189,False,too_short
185,30,1.2690000000000055,39.21141828491239,48.22966226591224,0.8130145732458557,30.89946279346905,26.435721883213994,43.82754788386265,0.5070636699597041,48.26443949012805,25.9017790666833,48.26401708430421,25.901512303079837,True,moving
186,72,2.569999999999993,26.534982430117626,37.111160784969705,0.7150135395620525,10.32489588720533,14.157859837157623,34.53297867401561,0.627521437075403,48.26419412022906,25.90193183253216,48.26439915729062,25.902102388742183,True,moving
187,30,0.9680000000000035,9.618112581408258,11.021048124977089,0.8727039817211807,9.93606671633081,20.377037955919633,31.7959197996036,0.5399021397034327,48.26433872542329,25.901985033613563,48.26438574854393,25.90210259202161,False,stationary
188,113,4.2039999999999935,6.620818314242597,10.814339684902222,0.6122258507827202,1.5748854220367763,1.2863701266347465,34.48820892801933,0.5316877597201187,48.26432702196922,25.902006381999744,48.26433147410582,25.902102505138696,False,stationary
189,108,3.769999999999996,2.6473544148397083,14.526355222499017,0.18224491789512187,0.702216025156422,1.4596131613784646,19.21689578943061,0.6530176566706763,48.26433054893621,25.902014973778133,48.26433604948621,25.9020475592073,False,stationary
190,64,2.102000000000004,1.0747663584113878,5.808899314212026,0.18502065542466356,0.5113065453907639,2.2738315029254417,35.15750370730833,0.5937124500051141,48.26406018774687,25.901519209550862,48.26406193982583,25.901542998592845,False,stationary
191,61,2.0010000000000048,24.210109541788697,25.194254458722536,0.9609377241725398,12.09900526826019,12.301941447345488,25.85162047139564,0.7688538002186134,48.26421066088604,25.90179083725159,48.26417484563165,25.9014601885578,True,moving
193,34,1.1020000000000039,15.04806420092503,15.060076316580208,0.9992023868005268,13.655230672345715,15.621188370376657,19.182554721428623,0.5551585756680545,48.26426218567499,25.902472451884805,48.26422699222926,25.902265126861,True,moving
194,5,0.13400000000000034,1.2744522092619168,1.2744604754672968,0.9999935139570516,9.510837382551594,34.246291407765256,35.15272400999408,0.6806207060813904,48.264328619713545,25.9020171231168,48.26433309647211,25.90205392546524,False,too_short
195,69,2.600999999999999,5.857340721381916,8.215681002938474,0.7129464641198874,2.251957216986512,3.5733754191132765,16.82216655209139,0.6522094266138215,48.26431843795675,25.902080832761687,48.26434941591705,25.90201349484295,False,stationary
196,4,0.16800000000000637,4.336376796697176,4.336376796697175,1.0000000000000002,25.811766647006024,14.437948069300603,18.749237950343478,0.3246450424194336,48.26448188521661,25.90206053140469,48.264442416471,25.90203161438846,False,too_short
197,44,1.5019999999999953,18.691495097164797,18.84971512117565,0.9916062379195796,12.444404192519876,10.98410563216121,14.016574349567476,0.6217876090244814,48.26422598832785,25.902254172261877,48.26420055641699,25.90199765890174,True,moving
198,118,5.037999999999997,0.8561398504424951,4.308627679342728,0.198703604525211,0.16993645304535443,0.34623962682904164,3.5924642872167443,0.5296440776121818,48.26457972560528,25.903163712986807,48.264580178068,25.90317719647756,False,stationary
199,123,4.838000000000008,0.07456902383767816,11.106732581928567,0.0067138578594218784,0.015413192194642008,0.4290304566676383,32.62345133043528,0.43237763546346647,48.26460781980947,25.90320629379172,48.264611665550966,25.903212798158837,False,stationary
200,6,0.4689999999999941,3.3086163021701105,3.3252776090630523,0.9949894989676857,7.054618981173032,9.183848968465231,9.888631690001551,0.3248598327239354,48.26457003350091,25.903422731796528,48.26453145607678,25.903344234324837,False,too_short
201,37,1.335000000000008,19.467965077777386,19.5051832206269,0.9980918844786777,14.582745376612188,13.500451852106764,29.269237863679425,0.4676659324684659,48.26447348508976,25.9032138560562,48.26438809890588,25.902969167808944,True,moving
202,6,0.16899999999999693,1.7750712004359714,1.7767781333012123,0.9990393100673356,10.503379884236708,31.948270267693076,33.3307594627565,0.586575965086619,48.26469551303621,25.90367463377673,48.26471266715978,25.90369914752976,False,too_short
203,28,0.9339999999999975,13.243457836213121,13.530944767184295,0.9787533734031347,14.179291045196099,11.352695105731897,20.65145848066962,0.7784691687141146,48.26468639883025,25.903656784381766,48.26460562183963,25.90350642875142,False,stationary
204,43,1.5010000000000048,21.3632272584656,21.386869503413134,0.998894543918933,14.232663063601287,12.483735159362055,14.472386621759153,0.7470582668171373,48.26460184563024,25.90349728651872,48.26449043960403,25.903252930452197,True,moving
205,119,3.9369999999999976,0.41614777189190966,2.015747566013126,0.20644835638571216,0.10570174546403605,0.3842176852847516,9.486265514293876,0.620727558095916,48.26516115435042,25.903697736994825,48.26515750443942,25.903696565550018,False,stationary
206,103,4.336999999999989,0.5062619887867741,3.7372131670234197,0.1354651089357038,0.11673091740529752,0.5808582722399959,13.222035374981472,0.4756309711238713,48.26519526660083,25.903753402983835,48.26518922526418,25.90374963294281,False,stationary
208,3,0.06700000000000728,0.0,0.0,0.0,0.0,18.262639857118057,18.319022784138937,0.4638670086860657,48.26514710123048,25.9044688906504,48.26514108969579,25.90445875559284,False,too_short
210,70,2.367999999999995,35.232377572101576,35.23741609120434,0.9998570122426196,14.87853782605644,15.773794513015233,20.78771622338945,0.729891671878951,48.265221367231234,25.904610377961006,48.26501456359628,25.90423642602099,True,moving
211,34,1.7680000000000007,22.337882565842673,22.358221296920465,0.999090324279034,12.634548962580693,6.075768278907558,35.353509925632466,0.4428038421799155,48.26509239883677,25.904369820497887,48.26495725803776,25.904127956440902,True,moving
213,83,4.237000000000009,5.856485041793138,18.141260759546064,0.32282679354087407,1.3822244611265342,0.5102588229412733,16.535684583719178,0.5505730125559382,48.26513968449531,25.905290508347,48.26518308956262,25.90524352749314,False,stationary
214,57,2.271000000000001,0.6071508515003802,10.59845607443351,0.0572867262209069,0.267349560326015,1.6278572710120758,35.14675361263725,0.4182612294690651,48.26530737594898,25.90499884351609,48.26531341560262,25.90501322242727,False,stationary
215,4,0.09999999999999432,0.09233632255298889,0.09233632255298888,1.0000000000000002,0.9233632255299414,8.700776847938165,9.174430729726096,0.3066990450024605,48.26513891777873,25.90527765072997,48.265138826534056,25.905278886916918,False,too_short
216,42,2.436000000000007,0.901165250976513,4.754235235340039,0.18954999203190642,0.36993647412828834,1.2062843135612367,8.779746512817523,0.42234099053201224,48.26515664385991,25.90526103537682,48.26514766875948,25.90529307671105,False,stationary
217,6,0.632000000000005,29.88146324669988,33.614304248926274,0.8889508176464598,47.28079627642349,32.47389426271053,42.22873437548619,0.42349520822366077,48.26535659328344,25.905147676902494,48.265294808183306,25.904723820707588,True,moving
218,44,2.0010000000000048,0.2808888528398402,3.9751049319985414,0.07066199701516289,0.14037423930026963,0.7282444071589378,4.377348266257973,0.44618654454296286,48.26516215886315,25.90526675338094,48.265162771673474,25.90526247104597,False,stationary
219,85,4.670999999999992,41.101672794641196,48.5503147987566,0.8465789143697546,8.799330506238764,2.6968247960774034,11.415470790267484,0.5218107784495635,48.26561643189878,25.90557547353508,48.26582171606032,25.90603179116196,True,moving
220,3,0.06700000000000728,0.0,0.0,0.0,0.0,34.90971618155204,35.14726629812068,0.3372047046820323,48.26536817139836,25.90501739363414,48.26537616866203,25.905033068748107,False,too_short
221,4,0.2669999999999959,0.12835024321133154,0.12835024321133154,1.0,0.4807125213907622,4.8569764320603,5.358593266157635,0.35330094397068024,48.26534516887634,25.90474726620678,48.26533841527477,25.90473568872733,False,too_short
223,112,4.168999999999997,0.370250978774479,17.31801423466842,0.021379528493127374,0.08881050102530086,2.403582706363192,13.747448483844645,0.720720360321658,48.26581960966875,25.90581020087929,48.26581709548401,25.90580668054018,False,stationary
224,26,1.066999999999993,53.05256752415901,56.90070919316998,0.9323709366091191,49.7212441650978,44.93103388185607,63.24638621285224,0.5466836014619241,48.26560445458419,25.905543521583123,48.26587571598178,25.906138415858543,False,implausible_speed
225,73,2.703000000000003,1.0853200594721704,8.890583647899595,0.1220752317794769,0.40152425433672556,0.7743932719851628,34.808174569810134,0.36626673724553355,48.2657839287287,25.90606337050142,48.26578301891225,25.906055617824027,False,stationary
226,83,3.1700000000000017,1.6871310463064308,4.78026667305887,0.3529365957374181,0.5322179956802618,0.5551199427423391,24.18108191605428,0.46895327445972396,48.26597779592372,25.90567678464572,48.26596334096793,25.90565904894295,False,stationary
227,11,0.36599999999999966,3.272057697392848,3.275765321401489,0.998868165559841,8.940048353532381,29.743970408886085,35.11798944217296,0.6414778666062788,48.26581766185587,25.90601584691312,48.26583667162201,25.90607014171841,False,too_short
228,73,2.634999999999991,2.2256398165039686,9.96462052382085,0.22335419709997806,0.8446450916523629,1.6612420760226023,35.121845111023035,0.542416561139773,48.265805882847296,25.905983095479424,48.26582321310688,25.90601144518989,False,stationary
229,48,2.269999999999996,16.34701235560462,24.888575056441482,0.6568078854869517,7.201327028900725,3.368307359734729,13.05796270902475,0.3822427274038394,48.26580669809022,25.905787369129293,48.26581874475684,25.906009995605096,True,moving
230,8,0.43300000000000693,1.134591214378513,1.716735722040845,0.6609003353350846,2.6203030355161543,2.9093094621700484,19.92953573300008,0.4380691163241863,48.26562149983775,25.9055791483931,48.26561371738305,25.905564138252107,False,too_short
231,19,0.6360000000000099,18.015212041256596,18.320412603984096,0.9833409558329964,28.325805096314962,35.14731427725666,43.6427823325548,0.6260233788113845,48.265811237672686,25.905993624999443,48.265821182368605,25.905770914890223,True,moving
233,37,1.5690000000000026,26.68404522106804,27.929843265882173,0.9553954516337747,17.007039656512426,8.992675556153895,15.711968101066002,0.4970851121722041,48.26580345771496,25.90598029165694,48.2659922431689,25.906241633282136,True,moving
235,77,2.8370000000000033,24.21238008998935,28.479738499241222,0.8501616014007444,8.534501265417456,8.277355752448255,35.179052283054595,0.5304983954925042,48.26634551810842,25.906604338389595,48.26620503797211,25.906367325845665,True,moving
237,12,0.43300000000000693,3.031227159727052,3.943319860003273,0.7686992857141789,7.000524618307167,27.612712401510596,35.13957283039243,0.36173319319883984,48.26653650614638,25.905347945757843,48.266552603352594,25.9053972424023,False,too_short
238,13,0.4660000000000082,7.91975788944503,7.924105532228042,0.999451339616146,16.995188603958994,12.450241938461696,20.542142295821037,0.41299845851384676,48.26638605347053,25.90669284445372,48.2663340177147,25.9066030680804,False,too_short
239,15,0.8010000000000019,7.071298004262096,7.135115623181886,0.9910558395560616,8.828087396082495,5.611162995680577,6.804035343592858,0.4369370559851328,48.266352078850055,25.906634729069065,48.2663055436578,25.906556019306905,False,stationary
241,17,0.6329999999999956,2.0155718681032715,3.5882276141412945,0.5617179523840273,3.1841577695154593,11.959186759614182,20.14664222190784,0.3974875387023477,48.26722868044843,25.90699108108168,48.26723775822682,25.90702423569321,False,stationary
243,3,0.06599999999998829,0.0,0.0,0.0,0.0,19.878521942732768,19.949535166169717,0.5902953942616781,48.26682267443714,25.907821027423157,48.26681623678316,25.90780973009711,False,too_short
244,89,3.4029999999999916,0.6584205294455553,8.715865532212058,0.07554275900794563,0.19348237715120686,0.1711072901477627,35.13981070674623,0.5881676657146282,48.26713122340445,25.908456079692275,48.26714292667238,25.90847971745624,False,stationary
245,66,2.2009999999999934,1.8074893530152465,3.649608082527948,0.4952557403816537,0.8212127910110186,2.0261386336115104,21.91733452039429,0.688128566200083,48.26734213908253,25.908061561727934,48.26732276714122,25.90804695198542,False,stationary
246,5,0.3329999999999984,2.7900153846056748,2.7943768745756103,0.9984391905008884,8.37842457839546,16.104343206277168,22.92448264237532,0.32041066884994507,48.26715537555474,25.90839200552276,48.26713425449833,25.90834943332596,False,too_short
247,6,0.3329999999999984,2.8586270876909405,2.8590019228061156,0.9998688930174601,8.584465728801664,17.252775325339265,22.4223583620332,0.31735358635584515,48.26713317528296,25.908720573726427,48.26711270651621,25.90868031548964,False,too_short
249,9,0.3990000000000009,4.61152941917258,4.617490128818405,0.9987091018108251,11.557717842537768,28.691041813491687,33.02846967816885,0.5000502732064989,48.26758023885752,25.908839699441696,48.2675393148225,25.90877283693315,False,too_short
250,6,0.1670000000000016,2.622868648900132,2.623689279379634,0.9996872226883147,15.705800292815011,30.776511159077707,31.50204718490201,0.43182894090811413,48.26777585194428,25.90918668779473,48.26775281744004,25.90914493408279,False,too_short
251,13,0.5339999999999918,31.393716786133233,31.404920506092537,0.9996432495360996,58.789731809239164,41.7744734897434,45.68215320069229,0.37369457345742446,48.26791614955001,25.909264443185126,48.26766962285297,25.909034061820183,False,implausible_speed
252,65,2.833999999999989,3.8856934054876913,5.060542009879992,0.767841349385387,1.3710985905037778,2.5559916433172103,25.37885182283736,0.3791105783902682,48.26785332483497,25.90944791168702,48.26782365760016,25.909409899960064,False,stationary
253,6,0.16900000000001114,2.275334238351351,2.275336473233991,0.9999990177792752,13.463516203261545,32.77720515031068,33.66688064887214,0.3937830726305644,48.26782922038273,25.90928802989153,48.26780961419021,25.90925340389817,False,too_short
254,34,1.9680000000000035,12.017695397061567,24.288358852586036,0.49479240116637263,6.106552539157289,9.329990191664113,10.426910747811466,0.47058235810083504,48.26768695145028,25.90904351722019,48.26784119832056,25.909319506014064,False,stationary
255,7,0.23000000000000398,3.3973513538634244,3.3973769419695046,0.9999924682758148,14.771092842884197,32.19647860718789,33.40198477733644,0.4060877093247005,48.26780984072107,25.90925948783212,48.26777461829098,25.90919739356047,False,too_short
258,10,0.29999999999999716,2.768435258211729,2.828096794900974,0.9789039976294963,9.228117527372518,30.556330564681204,35.141419687439296,0.6935358703136444,48.2681838769486,25.91079968280496,48.26821083594627,25.91082290765604,False,too_short
259,72,3.603999999999999,35.791632338991285,41.508113634774396,0.8622803882132096,9.931085554659072,4.286793048689401,29.8015068365381,0.6077057653003268,48.26817837633351,25.910788050880942,48.26843529292013,25.91049510941445,True,moving
260,17,1.0999999999999943,34.76175519084636,35.517543845253584,0.9787206948290084,31.601595628042308,13.8364967076442,21.2935001004346,0.5043449770001804,48.26829852398146,25.91033396742657,48.26815184714469,25.909911638624887,True,moving
261,20,0.769999999999996,4.659668806055698,8.423130765621218,0.553199153107537,6.051517929942496,10.86982670262216,35.51664149408743,0.4176180049777031,48.2685699340834,25.910619631842188,48.26851483203793,25.910707375884407,False,stationary
262,13,0.7340000000000089,32.45910854081262,32.73496980270521,0.9915728878457744,44.22221872045263,28.67799177316069,35.160641848982365,0.36984856312091535,48.26828122930865,25.91037179539769,48.2685311062674,25.910616429170812,True,moving
263,4,0.23399999999999466,4.2646691970483825,4.2646691970483825,1.0,18.225082038668717,60.76087441872673,62.7882999973599,0.4558923691511154,48.26828861188961,25.910486301121523,48.26851442570139,25.910603424348803,False,too_short
264,9,0.40099999999999625,4.2247181925315,4.226347344715297,0.9996145247773273,10.535456839230772,38.05506206645477,40.91142854865783,0.44593728250927395,48.26828225036594,25.910477771989328,48.26827900433017,25.91036075227944,False,too_short
265,55,3.9009999999999962,32.1921580704581,43.766695299903375,0.735540068763866,8.252283535108466,0.5563568479648769,11.536592921358094,0.4331583126024766,48.26848650357682,25.911128015399832,48.26834520032896,25.910748362689024,True,moving
266,21,1.6670000000000016,35.4143259458897,53.90757640398464,0.6569452442175087,21.24434669819416,7.780558068348179,13.405987428686675,0.4029594915253775,48.26819925584834,25.91073435606974,48.268506873809024,25.91058885717469,True,moving
267,82,3.8029999999999973,14.161672844936803,26.76528945670844,0.5291059103934826,3.7238161569647152,2.4673705048372576,6.848136556203149,0.6316495432359416,48.26835720669791,25.910721957467025,48.2682380746717,25.91064336254939,False,stationary
268,4,0.10000000000000853,0.19073256241131276,0.28999596857686316,0.6577076341692635,1.907325624112965,32.44886014548537,35.219491176732085,0.39017415046691895,48.26798204782792,25.9103748767587,48.26804970133082,25.910412488525683,False,too_short
270,4,0.16900000000001114,1.2170054422875292,1.2170054422875292,1.0,7.201215634836976,18.897739500758586,21.2328688523818,0.3662768676877022,48.26835749731899,25.910812185555425,48.2683372024339,25.91082752955357,False,too_short
271,5,0.23399999999999466,1.3057720050713175,1.3304309785816066,0.9814654244321803,5.580222243894647,11.73283467558856,15.95445187673226,0.4201530694961548,48.26835325080498,25.91080822535399,48.2683583793576,25.91082844720697,False,too_short
272,47,1.7009999999999934,19.6060896683188,19.6378194166116,0.9983842529753604,11.526213796777704,14.052134054871429,30.03933061886103,0.5790055235649677,48.268023124328415,25.911310965839405,48.26810641421864,25.91106437545165,True,moving
279,72,3.304000000000002,2.5355379852468243,3.0847063008461255,0.8219706312238977,0.7674146444451643,0.83572753191473,1.6627069940583197,0.47358114355140263,48.26816199049863,25.912156663861715,48.26814361002907,25.91218116603285,False,stationary
280,3,0.06700000000000728,0.0,0.0,0.0,0.0,8.305934024308792,8.649662734490152,0.5494667589664459,48.26782253630376,25.911895622196955,48.267821988353,25.91189728036261,False,too_short
281,3,0.06700000000000728,0.0,0.0,0.0,0.0,9.275570143914852,9.622915141440089,0.5979456802209219,48.26781476030264,25.911891192096878,48.267814272565154,25.91189227788356,False,too_short
290,3,0.9010000000000105,0.0,0.0,0.0,0.0,0.6715308351155318,0.7004696669719643,0.38694582382837933,48.267413803859554,25.91352637207476,48.26741067508405,25.913526502622958,False,too_short
291,3,0.9010000000000105,0.0,0.0,0.0,0.0,0.7246622193289146,0.737709363151248,0.4189080397288005,48.26740999444167,25.913536856166232,48.26740688971524,25.91353770318411,False,too_short
292,3,0.9010000000000105,0.0,0.0,0.0,0.0,0.5607696414801345,0.5692243820602019,0.36114083727200824,48.26740638130228,25.913547809374982,48.267403997478304,25.913549584834985,False,too_short
295,7,1.2009999999999934,7.442780081467936,7.44331251174349,0.9999284686388333,6.197152440855934,11.782313374525645,12.43476085429802,0.33194413781166077,48.26702506338098,25.91455447920992,48.26706281739484,25.91442984003641,False,stationary
296,12,1.3680000000000234,5.621343727877025,5.626112663147506,0.9991523569547907,4.109169391722901,8.651561243788265,9.30216068772586,0.34631138294935226,48.26686657781948,25.91504978819534,48.26690153972103,25.914924705569,False,stationary
298,8,1.2680000000000007,5.133199048792784,5.133889235203651,0.9998655626603445,4.048264234063708,34.291966474981436,35.35456889112687,0.33796532824635506,48.26668988504819,25.91562214300789,48.26660787669901,25.91591522203001,False,stationary
299,24,2.2700000000000102,4.2447119975827015,15.736423088582596,0.2697380448967726,1.8699171795518423,3.56565707085674,5.52235113886909,0.5526801447073618,48.26666594049888,25.91571141333746,48.26661412268245,25.915735708984148,False,stationary
300,38,3.2700000000000102,59.43413532594214,68.42416509979886,0.8686132339248207,18.175576552275825,10.489701902378815,12.481579664019964,0.49611009814237295,48.266653024140176,25.915650082912716,48.26686648824889,25.91643334243281,True,moving
301,36,2.5020000000000095,71.8198400992628,74.47659748340737,0.9643276213748021,28.70497206205537,10.745093649023106,13.655985976906551,0.4933947374423345,48.26666005402233,25.915653768263564,48.266781676368886,25.91663279889305,True,moving
302,46,1.9690000000000225,8.488727522577538,9.92935585562436,0.8549122063914351,4.311187162304439,6.586007054988817,23.715293970307133,0.4946522673834925,48.26662954940792,25.9158354662107,48.26663755488464,25.91572671432813,False,stationary
304,3,0.132000000000005,0.0,0.0,0.0,0.0,35.161350874428095,35.18296322610512,0.5685030519962311,48.266669374965495,25.915705645412217,48.266638828215925,25.91580163517369,False,too_short
310,106,3.502999999999986,11.904256830535482,13.079789227206119,0.9101260443688561,3.3983034058051755,3.0980785584687682,15.146937294460242,0.7462826314962135,48.26687107849849,25.916356925791497,48.26682886516384,25.91650364659192,False,stationary
311,3,0.0660000000000025,0.0,0.0,0.0,0.0,35.73220293381723,36.240841649062766,0.2905839184919993,48.266862408594434,25.91638244649366,48.26681453069335,25.91635781250064,False,too_short
312,21,0.667999999999978,9.426843057461877,9.431940356281945,0.9994595704990147,14.112040505182916,26.745467026345832,35.16019863995622,0.5455717941125234,48.2668032109869,25.91651102986197,48.26676480913801,25.916637506362683,False,stationary
313,58,3.0049999999999955,12.045691503433291,16.978240213994827,0.7094782116172598,4.008549585169154,5.10678840916011,8.400673928820115,0.4912334567513959,48.26674368385846,25.91651781831096,48.26684777311648,25.916558342754527,False,stationary
315,34,1.23599999999999,7.694074534292297,8.048762829065264,0.9559325697246122,6.224979396676666,11.679047575235519,35.139812462653,0.4171760029652539,48.266802893624856,25.91648270405111,48.26678334300701,25.916593300611385,False,stationary
316,52,2.033999999999992,11.483918047516626,12.668074563708501,0.9065243490447833,5.645977407825306,7.346668290647406,21.25122425616653,0.4888345163602095,48.26683199093258,25.916308489042137,48.26676805571905,25.916451057681066,False,stationary
322,41,1.4989999999999952,14.536045305270994,17.478349406743916,0.8316600708109398,9.697161644610434,7.52910743585454,31.08866267473663,0.4638162851333618,48.2664953937503,25.916314160634982,48.26653952270017,25.91613180534744,False,stationary
325,5,0.5,7.350987712138898,7.403593454248527,0.9928945663433962,14.701975424277796,31.380003670187595,44.69168241620222,0.3764074444770813,48.266139359293696,25.91750729724584,48.26627165155561,25.91756747950983,False,stationary
326,190,9.539999999999992,163.26508036363063,167.04413231701685,0.9773769248822561,17.113740080045154,6.364342500754408,14.487469962444676,0.49700759257140914,48.26624005280336,25.917528264992825,48.265588564157824,25.91961888776636,True,moving
327,6,0.2680000000000007,2.9573525410182335,2.9580884036975665,0.9997512370900027,11.034897541112784,16.48684469338479,21.59935390182698,0.3540768374999364,48.26623599341261,25.917537955685518,48.26625082145119,25.917438588453443,False,too_short
328,53,3.6699999999999875,41.63820094411224,79.99469014778751,0.5205120598278093,11.345558840357597,5.710273722486498,35.65054717653442,0.39811027949711064,48.26621732809077,25.91761439747012,48.26599679948,25.91804128846249,True,moving
329,6,0.20000000000001705,2.1679896145960753,2.1681209732446702,0.9999394135981267,10.839948072979452,33.87845071152691,35.15736901189648,0.4814283748467763,48.26611933208859,25.91759154563553,48.26610141185765,25.91764922387431,False,too_short
330,4,0.13500000000001933,2.4941795685850146,2.4941795685850146,1.0,18.475404211738205,33.2069298517374,35.14006108149448,0.36111700534820557,48.26621100863031,25.917619332715404,48.266199781312594,25.91766743851971,False,too_short
331,202,12.912000000000006,162.20001909771852,202.2688358529964,0.8019031622627283,12.561959347716732,2.361295098922528,14.42948691961426,0.40758911409590504,48.26621865871931,25.91761093440802,48.2656335029623,25.919607797289636,True,moving
332,247,11.111000000000018,189.7952756735707,197.43554393138822,0.961302468108414,17.081745628077616,11.218059176718643,13.866442507383423,0.5342182445863963,48.26625533889407,25.91727998360063,48.26558733435251,25.919668739251343,True,moving
333,36,1.700000000000017,66.3054715078703,66.65488528612455,0.9947578669327183,39.00321853404096,26.085293327255734,44.37038728925497,0.520225336154302,48.26623775672433,25.917283400327936,48.266158864947634,25.918185064018385,True,moving
334,42,1.8000000000000114,65.431364607452,65.81536913122241,0.9941654277892936,36.350758115250876,27.589010867382576,42.4488783251988,0.5756017764409384,48.266244469126136,25.917287765655782,48.266166349121846,25.91818167697279,True,moving
335,83,3.436000000000007,79.01451438248063,81.14988234497964,0.973686123740497,22.996075198626446,11.52888355525868,35.176185293283176,0.5071088262351162,48.26622433706902,25.917274933816213,48.26592748854017,25.918291731055756,True,moving
336,30,1.4010000000000105,67.67146084113962,68.29714408464292,0.9908388080952862,48.30225613214783,36.50378305370609,38.67340867318257,0.6119936267534892,48.26625798358428,25.917296729017327,48.266167860179806,25.91821040489988,True,moving
337,19,0.8000000000000114,49.22886451977176,49.54075892714265,0.9937042868513667,61.536080649713824,41.32586209892855,43.37286084626745,0.5833150383673216,48.26623091600632,25.91727979373086,48.26621754671282,25.91796313458861,True,moving
338,76,3.372000000000014,52.38152540678593,71.98240055385227,0.7276990626006934,15.534260203673107,11.26642542486598,14.537657286780584,0.48445814965586914,48.26622003536324,25.91760332953486,48.26611935667895,25.918304970363547,True,moving
339,142,8.876000000000005,163.72526518148473,173.23390323968295,0.9451109864733449,18.445838799175828,10.493641876676953,35.14214559351219,0.46926214493496315,48.26620987265849,25.91762208457908,48.26556628671946,25.91965030047525,True,moving
341,104,4.403999999999996,71.44048654888036,74.43320006992747,0.9597932976382104,16.221727190935606,12.582927577626084,15.427225900298254,0.4753342798122993,48.26623058818836,25.91755986273705,48.2660875142743,25.91850220290754,True,moving
342,205,9.942000000000007,168.31232298110297,177.38266531607803,0.9488656779465309,16.9294229512274,7.50168466438099,14.153204215276505,0.5022448951151313,48.26622282580893,25.91759254498779,48.26560003455427,25.919662880787676,True,moving
343,79,4.036999999999978,41.42307983800415,46.62942418916492,0.888346372667185,10.260857031955506,5.293054224061866,14.61878957000098,0.4418284119684485,48.26613413439753,25.91752765289989,48.26599177334875,25.91804053349621,True,moving
344,27,1.6659999999999968,41.95248222451815,42.58165535384594,0.985224314928589,25.181561959494736,35.099363417908826,39.52574927839181,0.6786181617666174,48.26620371435665,25.9172921335702,48.26619144665301,25.918216789092597,True,moving
345,172,9.376000000000005,134.8994689023301,184.8728046112297,0.729688010013215,14.387741990436226,4.579027353949515,8.389779151753993,0.5261803680034571,48.266220729176624,25.917582762178668,48.26567399835467,25.91920061598281,True,moving
346,154,6.974000000000018,149.71733971859575,159.46909556864944,0.938848616308508,21.467929411900684,13.617265835511034,21.556349612798407,0.4677736325697465,48.26622311785548,25.91757454963538,48.26567025211816,25.919468614169155,True,moving
347,112,4.872000000000014,96.75664935615346,102.85280678224814,0.9407293041695889,19.85973919461272,12.190916228558262,34.29441488318443,0.5749119541474751,48.266218939963736,25.91759279882042,48.265907369267126,25.91884761480979,True,moving
348,163,8.210000000000008,167.54062036694185,178.0662118834197,0.9408894511477058,20.406896512416772,8.556118455789823,18.367527090779014,0.47273705543184574,48.26621882596289,25.91759295521271,48.26554994939602,25.919622858212712,True,moving
349,249,12.748000000000019,159.33693490928394,195.86889380300872,0.8134876948329219,12.498975126238133,4.46275828454798,9.222182863539317,0.4649673492075449,48.266221728644446,25.91758401496887,48.26585851385166,25.91965178517356,True,moving
350,9,0.6700000000000159,9.449231172539044,9.869146753633242,0.9574516833545301,14.103330108266894,6.12853865205564,9.942202893619443,0.410648246606191,48.26621068086931,25.917621022109007,48.266222522420726,25.917457447237144,False,stationary
351,245,9.310000000000002,154.81079773653934,163.66428079662825,0.9459046102363021,16.628442291787252,14.30625106353204,22.225160786703583,0.520243762950508,48.26620797504428,25.91762132699897,48.265597941386,25.91959297114119,True,moving
352,8,0.563999999999993,9.455634898778289,9.459672840028833,0.9995731415537482,16.765310104217033,43.52577394256871,46.70881767598389,0.41935545951128006,48.26660709883738,25.91745543969976,48.2665018717032,25.917795799373877,False,stationary
353,53,2.7039999999999793,105.53469790817395,119.64772128366961,0.8820451971497605,39.02910425598179,25.62875960267116,30.660400878464547,0.4477502040143283,48.266537281990544,25.9176921075669,48.265878217730055,25.91870065389944,True,moving
355,9,0.5319999999999823,45.67318532734963,46.476304053064254,0.9827198237450709,85.85185211908112,31.60001751915587,32.96979080940211,0.38667403327094185,48.26621741326524,25.917356148608707,48.26655103853144,25.91773195319069,True,moving
356,9,0.7319999999999993,44.20125444397807,45.21174148425053,0.9776498978561916,60.384227382483765,25.865828430900333,26.06798725283182,0.42886736657884383,48.26621054768292,25.91735224131781,48.26661294885116,25.917802623513527,True,moving
358,248,11.50800000000001,157.47733950109392,175.05561427744692,0.899584627154585,13.684162278510062,8.286918998894258,11.66169792100522,0.5236752378123422,48.2662052773288,25.91764161039609,48.26557309947664,25.919536739922744,True,moving
359,7,0.4989999999999952,43.75678561837596,44.0820060320642,0.9926223771792126,87.6889491350228,29.055895534689974,31.725048733114804,0.5172232815197536,48.26622421119873,25.91736043223441,48.26656633161227,25.917672258347604,False,too_short
360,6,0.20000000000001705,3.022681734235502,3.029776322850736,0.9976583787516834,15.113408671176222,32.03389271771066,35.42927615620683,0.38307800392309826,48.26653109631562,25.91767623120432,48.266553888385104,25.91764731739121,False,too_short
361,27,1.0370000000000061,49.322103861613485,49.39596400840915,0.9985047331643716,47.56229880579864,42.89146747288594,48.50458379725261,0.4263384386345192,48.26619345355228,25.917982883932314,48.26596879981766,25.91858706222756,False,implausible_speed
362,9,0.36700000000001864,16.647356414859104,16.656543488703733,0.9994484405572585,45.36064418217509,35.86811464911107,37.299531506957294,0.4705698490142822,48.26611592445551,25.91818869898737,48.26620741363651,25.917939935183934,False,too_short
363,49,1.9010000000000105,38.409163944736314,40.52989455475409,0.9476749043313508,20.204715383869598,19.00597307956216,20.440496107425822,0.5578556364896347,48.26613307356913,25.91832333517391,48.26594920533124,25.918768600249432,True,moving
366,14,0.7349999999999852,15.583092493680992,15.636645994860421,0.9965751286307158,21.20148638596096,12.811455867195935,17.235358309800457,0.45830632533345905,48.265899277038514,25.91876862114276,48.26596951045023,25.9185782717738,True,moving
367,8,0.29999999999998295,6.906460779688276,6.964433525775784,0.9916758849269006,23.02153593229556,34.31937157468846,35.146319141302726,0.39820218086242676,48.265908334273405,25.919730077075027,48.265861352177886,25.9198106512832,False,too_short
368,8,0.2669999999999959,1.3347207093646056,1.3371988363763858,0.9981467774691641,4.998953967657775,7.105233888620191,21.743174460487225,0.4272301271557808,48.265895052919774,25.919761885196127,48.265928315023366,25.919679906510467,False,too_short
369,160,5.873999999999995,27.87458320032587,49.3004002574248,0.5654027767477987,4.745417637100084,6.687115184204988,27.015178024305836,0.5051122574135661,48.26566152287525,25.919603314949317,48.26590054524148,25.919714922584067,False,too_slow
370,16,0.8670000000000186,37.57865376033419,41.308179583173775,0.909714592594665,43.34331460246065,10.92334289848229,25.7485947182585,0.4327990636229515,48.26589009315566,25.919768892182592,48.26560612750711,25.919465522591768,True,moving
371,139,5.306000000000012,5.496503281334126,18.729162504270306,0.29347298791822146,1.0359033700215066,0.9926784099373954,6.2317961441507,0.39594036662321297,48.26589005048659,25.919777866807262,48.26588709142567,25.919706335901743,False,stationary
372,137,5.306000000000012,32.976184857523705,42.665252179118845,0.772904955983428,6.214885951286022,5.151131430844654,35.19991678616593,0.5061391054713813,48.26592095009638,25.919682164013263,48.26561616864446,25.91963632994099,True,moving
373,8,0.36599999999998545,3.4471928229912785,4.1209277671399915,0.8365089168703632,9.418559625659606,18.497487640148325,35.219689743959286,0.4084666185081005,48.26560925410492,25.91960469628035,48.2656339664232,25.91957067587349,False,too_short
374,6,0.23499999999998522,1.450199940642731,1.4623849519747505,0.9916677128579823,6.171063577203499,13.720918757163865,15.608865410781071,0.3865852902332942,48.26559541849647,25.91949397961238,48.26558212820328,25.919524108552885,False,too_short
375,64,2.367999999999995,30.461082105904225,37.166952511539094,0.8195743812045682,12.863632646074446,13.835810867908947,18.079461692462505,0.45610392978414893,48.265589228414015,25.919508583786307,48.26580440676804,25.9197610466637,True,moving
376,141,4.740000000000009,1.663071023181902,4.467169953885586,0.37228738560424535,0.3508588656501896,0.6106881351829775,9.68641660905472,0.5150458899372858,48.265537744395495,25.919718542170635,48.26552916566622,25.919734521202297,False,stationary
377,107,4.706999999999994,8.110567249283338,20.182476987227865,0.4018618356119505,1.7230863074746865,0.4917036223533996,40.662989264776485,0.45139913163452505,48.26588363755324,25.919795138010212,48.26585638636588,25.919646362756083,False,stationary
378,3,0.0660000000000025,0.0,0.0,0.0,0.0,17.212427410142393,17.291639152647658,0.6811232566833496,48.26561785032682,25.9193386026404,48.265622165275616,25.91932725082944,False,too_short
379,4,0.4989999999999952,0.866963121097576,0.866963121097576,1.0,1.737401044283736,43.245690006774396,44.54886859172808,0.5792726278305054,48.26559356388152,25.919496045200304,48.26578864858664,25.919204950525117,False,too_short
380,55,3.0360000000000014,9.986680797335959,21.856781088790374,0.45691452720171133,3.2894205524821984,0.5224999714122391,8.17488814963932,0.36302404999732973,48.26562891462314,25.919660919496643,48.26557456067872,25.91955202769851,False,stationary
381,71,3.6059999999999945,5.104358260289887,33.76880346095979,0.1511560297418015,1.4155180976954782,2.930239504139816,8.086942011442956,0.36181906998997004,48.265568896364165,25.919603763289736,48.26561201479685,25.919629077555623,False,stationary
382,93,3.4359999999999786,13.956066032770234,32.221428896582786,0.43312995452694936,4.06171886867588,4.73700549892577,44.25350854763131,0.49039517551340084,48.26559967483141,25.919211426213757,48.26569611450534,25.919383646731674,False,stationary
383,30,1.700000000000017,0.3580363477829541,1.7480986406784433,0.20481472810023976,0.2106096163429121,0.33137875746407325,0.7388101977324918,0.42169223427772523,48.26558105928764,25.919524850274072,48.265581948499154,25.919519996843043,False,stationary
384,10,0.2990000000000066,2.470584095854109,2.470620891498882,0.9999851067215939,8.26282306305704,20.887621442361027,23.30389657726132,0.42051750123500825,48.26557722321739,25.91953311163432,48.2655627866307,25.91956491326728,False,too_short
385,34,1.700000000000017,1.3824530071635073,1.5676863997091324,0.8818428273792557,0.8132076512726432,0.4870672604406263,0.6587934485993501,0.3859082381514942,48.26558489390496,25.91951600423687,48.26557790993684,25.919528949742205,False,stationary
386,59,2.1370000000000005,6.357742773135665,7.243567799676597,0.8777087409079707,2.975078508720479,0.4017419857608024,3.641750789042423,0.4237476769140211,48.2657458028219,25.919250052088227,48.26571475221687,25.919324056088744,False,stationary
387,21,1.0020000000000095,0.36483480489946435,0.498484361715565,0.73188816524527,0.3641065917160288,0.4949353158515258,0.9146001369974672,0.35465829854919795,48.26586759939162,25.91962653879442,48.265869219690586,25.919624690686923,False,stationary
388,30,0.9699999999999989,0.31114801307401163,0.40338435608098977,0.7713437776737695,0.32077114749898145,0.6046114046069858,1.6316960651898702,0.7291889150937398,48.26577079090549,25.91972090537441,48.26577337676687,25.91971842935419,False,stationary
389,9,0.4689999999999941,0.07218507509161391,0.0784719013662372,0.9198843641460659,0.15391274006740902,0.0952707431240303,0.2062760728587704,0.27754246195157367,48.26558460186913,25.919606743477598,48.26558556517166,25.91960559266693,False,too_short
390,14,0.73599999999999,15.271666988072445,15.304481205359199,0.9978559078974031,20.749547538142192,0.17434214162983036,9.243158660185347,0.3810670609985079,48.26558588162143,25.91951193327464,48.26569407765068,25.91938037709531,True,moving
391,3,0.7009999999999934,0.0,0.0,0.0,0.0,30.50429272153241,30.60555780614313,0.26648944616317743,48.26579852468871,25.920064890682447,48.26586868365537,25.919831507252063,False,too_short
